,0,1,2,3,4,5,6,7,8,9,10,11,12
0,-3.2037582397460938,1.939447283744812,-0.29182809591293335,5.224424362182617,-0.7566795945167542,5.642536163330078,-1.5771548748016357,2.94925856590271,-4.875884056091309,-2.671856641769409,3.582379102706909,-4.281049728393555,-0.5959930419921875
1,-3.136906623840332,4.031991481781006,5.71119499206543,-0.06444494426250458,-1.9602689743041992,1.1723366975784302,4.202691078186035,6.056632995605469,4.332305908203125,-1.9901703596115112,1.2782022953033447,-3.8641133308410645,-0.8180027008056641
2,-5.812712669372559,-1.7758305072784424,-4.029353618621826,-1.3772621154785156,-0.35433441400527954,-4.133742809295654,-1.787697672843933,4.684689521789551,0.3788449764251709,-4.695833683013916,-3.681098699569702,-1.09956955909729,-1.491999626159668
3,5.923409461975098,-0.858938455581665,5.9646100997924805,-4.962191581726074,5.348509311676025,1.1960445642471313,-4.580480575561523,1.5723739862442017,2.121796131134033,-2.2531912326812744,4.521600246429443,4.575228691101074,-9.227998733520508
4,-4.541511058807373,-3.8846089839935303,5.293308734893799,-0.40413734316825867,4.674892902374268,-5.897034645080566,3.0391221046447754,1.5074381828308105,4.392498970031738,5.454591751098633,2.6822080612182617,-0.23180708289146423,1.8320016860961914
5,-1.738139033317566,-2.0766537189483643,-3.1887919902801514,-0.2218485325574875,-3.3618946075439453,-6.084344863891602,4.601543426513672,5.293585300445557,-4.267133712768555,-2.5724072456359863,-1.336888313293457,-3.663198471069336,-3.916004180908203
6,5.792158603668213,-0.021271537989377975,3.450312614440918,1.1699838638305664,-3.807337760925293,-1.496516466140747,1.6114459037780762,-3.828444242477417,-5.938018321990967,-4.616816520690918,-3.3045506477355957,-5.287269115447998,-2.8940019607543945
7,-2.0919477939605713,-0.3458728492259979,3.919607639312744,-0.4176881015300751,2.9393372535705566,-3.254235029220581,-5.679415225982666,5.259729862213135,-6.109350681304932,-4.620419979095459,-2.8369643688201904,2.2998125553131104,-5.174000263214111
8,5.424335479736328,-6.279001235961914,0.6259359121322632,3.2954399585723877,-6.187671661376953,-4.316671371459961,-0.08652602881193161,5.462362289428711,1.1298542022705078,0.9916163682937622,2.1418817043304443,4.902862548828125,-1.387995719909668
9,-3.6539130210876465,5.534974098205566,5.201405048370361,-1.512353539466858,1.0660117864608765,-5.496266841888428,1.505348801612854,-3.0063929557800293,5.309489727020264,-3.590768337249756,-0.23642009496688843,-4.764021396636963,-4.918002605438232
10,-6.112831115722656,0.5550143122673035,0.3745104968547821,-2.100966691970825,-3.491156578063965,-4.538857460021973,1.2541956901550293,-1.0591402053833008,4.472764015197754,-5.775471210479736,4.319063663482666,-5.40756368637085,2.014002799987793
11,-3.3023407459259033,-2.22027325630188,-0.5818715691566467,-6.188900470733643,0.882809042930603,-4.691140651702881,-2.938443660736084,0.0056958575733006,5.279620170593262,-2.5849666595458984,-3.014354944229126,-3.7085702419281006,4.747995376586914
12,1.0178476572036743,-0.2696910798549652,-5.401373386383057,-2.627533197402954,2.5229506492614746,-3.941377639770508,-2.1368136405944824,-4.73726224899292,4.815455913543701,-6.127750396728516,0.380215585231781,-2.72164249420166,3.01400089263916
13,-5.767175674438477,-5.618331432342529,-0.9429916739463806,-0.011510676704347134,5.506337642669678,-3.7439796924591064,-4.783432483673096,-1.794011116027832,0.11679470539093018,5.552663803100586,-2.33296275138855,-0.15107515454292297,-3.0560007095336914
14,-3.6061766147613525,-5.678966045379639,-2.0778160095214844,5.420625686645508,-4.798652172088623,-3.813180446624756,1.8266034126281738,-3.732043981552124,0.6909451484680176,-2.7411880493164062,1.0793647766113281,-6.071749210357666,-2.005997657775879
15,-5.577118873596191,1.1497223377227783,-1.993488073348999,-3.562783718109131,-1.2965635061264038,2.8847343921661377,-1.0984541177749634,3.4820151329040527,6.116480350494385,3.9000794887542725,3.0969786643981934,1.7018343210220337,2.279998779296875
16,-6.18651008605957,3.136610984802246,2.390367269515991,-0.13098183274269104,0.061550308018922806,-2.7585737705230713,-4.408283233642578,0.6000088453292847,3.881427049636841,5.295830726623535,-0.4398616552352905,-1.3987910747528076,-6.028000831604004
17,-5.985438823699951,5.323613166809082,-0.8559134602546692,5.756109714508057,5.271746635437012,-4.679919242858887,-5.742013454437256,3.8684685230255127,-2.742669105529785,-1.8698642253875732,-0.37827566266059875,4.763611316680908,4.0680036544799805
18,5.620020866394043,-6.082217693328857,-3.9072072505950928,-3.579861640930176,1.5067009925842285,-3.069934368133545,5.846094608306885,-5.3734307289123535,-0.2383686602115631,-1.466465950012207,-5.663913249969482,5.9511237144470215,-1.8620052337646484
19,-5.030406951904297,-3.4568018913269043,0.3962613344192505,-3.633544921875,-4.717530250549316,-4.100668907165527,5.819665908813477,6.059137344360352,2.1416714191436768,-1.683260202407837,1.462424397468567,-3.76902174949646,-1.425999641418457
20,-5.322810173034668,0.3479326069355011,5.028835296630859,5.3112335205078125,0.4146869480609894,-3.839679002761841,1.6217423677444458,0.42958179116249084,-2.389833450317383,2.266322135925293,3.8611719608306885,1.7634267807006836,2.7060022354125977
21,-5.413175582885742,2.4847159385681152,-0.7146950364112854,-4.099740028381348,-1.9684721231460571,5.382978439331055,5.913885116577148,-5.439043998718262,-1.8285905122756958,4.060460090637207,-2.2282471656799316,-5.731067657470703,-2.2819976806640625
22,1.0154298543930054,-2.2618589401245117,-2.323551893234253,-2.7627391815185547,1.2811273336410522,1.661457896232605,-3.5077457427978516,-5.643909931182861,-1.592555046081543,4.885631561279297,0.14932449162006378,2.775719404220581,2.253997802734375
23,-0.1915527582168579,5.171780586242676,-2.559300422668457,4.312880516052246,-0.5360021591186523,0.9364796876907349,-1.6298933029174805,1.02647864818573,1.060234785079956,5.97738790512085,1.4607187509536743,-3.255697011947632,-1.9999980926513672
24,-6.218883991241455,2.196866035461426,-6.210250377655029,-4.221932411193848,0.45873957872390747,-5.669414520263672,1.03146231174469,3.8064260482788086,-3.098912239074707,-2.682204484939575,-3.2149035930633545,0.8652575016021729,0.384002685546875
25,0.21041609346866608,-5.272184371948242,2.121706008911133,2.7276768684387207,5.127145767211914,3.1630024909973145,-0.6361990571022034,-5.446217060089111,4.300373554229736,0.998051643371582,-2.456923484802246,-2.899595260620117,2.5239973068237305
26,-1.7108936309814453,1.557735562324524,3.9776265621185303,-3.1935439109802246,-6.123019218444824,5.567596912384033,-3.071192741394043,2.6459248065948486,4.111631870269775,-0.6641936898231506,-1.7784029245376587,0.7789292335510254,7.870002746582031
27,-5.279413223266602,6.0615763664245605,-5.400464057922363,-1.5846225023269653,5.157856464385986,0.682568371295929,5.371649742126465,4.4919939041137695,-0.8805527687072754,1.373664379119873,4.606017112731934,3.1924502849578857,3.5320005416870117
28,-3.2582671642303467,-5.535538196563721,3.997551679611206,5.052507400512695,-0.4454502761363983,5.397038459777832,0.7397555112838745,-3.448230266571045,5.014120578765869,2.8319807052612305,4.59502649307251,-1.5168832540512085,8.089996337890625
29,5.870979309082031,5.7260284423828125,-1.5657267570495605,-2.5502610206604004,0.39827221632003784,6.076566696166992,2.6878507137298584,3.5222818851470947,1.0813759565353394,2.189531087875366,-4.122464656829834,-1.4503790140151978,-3.966001033782959
30,-2.1012766361236572,4.358102798461914,-0.8581563234329224,-0.20911003649234772,4.053591728210449,6.0019941329956055,1.9709149599075317,-1.1852861642837524,-2.1993002891540527,2.6853396892547607,-6.02793025970459,-3.775963544845581,-1.0979976654052734
31,4.681673049926758,4.820486545562744,-1.782580018043518,-5.701344966888428,-1.230432391166687,-1.4571634531021118,5.613668918609619,2.026884078979492,-5.927864074707031,-3.012510061264038,1.7701661586761475,-0.7880244255065918,-2.2259998321533203
32,-2.555906057357788,-4.177030086517334,2.732964038848877,4.8582658767700195,-4.029079914093018,1.8120774030685425,6.272520542144775,0.6185305118560791,-5.937740802764893,-1.123348593711853,0.14398178458213806,-4.679458141326904,0.09399890899658203
33,5.378087997436523,-4.383389472961426,4.405327320098877,-1.3550598621368408,-5.338057994842529,0.26845377683639526,-2.1876473426818848,-0.3801683783531189,-4.021343231201172,-3.3292596340179443,4.709457874298096,-0.9995628595352173,8.13000202178955
34,0.5945335030555725,-4.683908939361572,-3.0906291007995605,-5.029025077819824,-2.229297161102295,4.2836432456970215,0.6829298734664917,-2.9814159870147705,-2.191805124282837,2.296126127243042,3.007078170776367,1.8551925420761108,-2.5160036087036133
35,0.9545086026191711,-2.6452150344848633,-2.6826283931732178,6.11829948425293,1.1831855773925781,-0.1423192322254181,0.9731348752975464,-1.608421802520752,-6.236729145050049,2.6014719009399414,2.973020315170288,-4.4888458251953125,-0.5620031356811523
36,-1.9646062850952148,-0.22458484768867493,-5.085540771484375,-0.24438486993312836,-1.5937862396240234,4.720300197601318,-1.7605003118515015,4.342703819274902,-2.009784698486328,-3.6483206748962402,-6.024533271789551,6.254380702972412,2.6779966354370117
37,-2.913053035736084,-2.7831685543060303,1.667441487312317,4.620971202850342,6.035482406616211,3.3079586029052734,-2.043665647506714,3.3392646312713623,-4.062936305999756,5.233649730682373,1.2430734634399414,2.723214864730835,-4.741997241973877
38,3.761878728866577,-0.8889849185943604,-1.8897374868392944,-5.4088592529296875,2.722797393798828,-5.862794876098633,4.658631801605225,-6.185271739959717,4.320181846618652,2.707286834716797,5.2200775146484375,1.3570348024368286,8.755999565124512
39,-5.371818542480469,2.6712844371795654,3.95298171043396,-3.1411263942718506,1.4055370092391968,-2.8636746406555176,3.123992443084717,0.37362363934516907,-5.370824337005615,4.9332804679870605,1.1947509050369263,-3.4650843143463135,-4.0839948654174805
40,-2.3931691646575928,-0.012260686606168747,0.13493561744689941,3.8333098888397217,-4.012330055236816,0.40882405638694763,-4.478110313415527,-3.058417797088623,5.603326320648193,5.697757720947266,3.032973051071167,-0.8976320624351501,-0.8159980773925781
41,1.928444504737854,-4.464626312255859,-3.4436028003692627,-1.316948413848877,2.9787018299102783,4.004015922546387,4.0910563468933105,-0.801318883895874,-4.660897731781006,-1.143816351890564,-1.0367937088012695,-3.7424612045288086,-0.48000335693359375
42,-6.116367340087891,1.1613274812698364,4.321890354156494,6.147191047668457,4.029116153717041,-4.691304683685303,-1.7272571325302124,2.6708743572235107,-0.7271400690078735,-0.7066918015480042,2.3548834323883057,-3.35591459274292,-2.074002265930176
43,2.673422336578369,-2.249271869659424,-1.8032363653182983,4.585201740264893,-4.734884738922119,-4.694308757781982,-4.450309753417969,-1.2717747688293457,2.0952515602111816,2.031698703765869,5.211691856384277,3.059023141860962,2.960000991821289
44,0.5297974944114685,5.417805194854736,-4.117166996002197,2.1601784229278564,-4.3003249168396,-3.291898250579834,-5.435688018798828,5.22276496887207,-3.44309139251709,1.2531633377075195,4.708088397979736,3.168069839477539,0.8420028686523438
45,4.121772766113281,-2.3372814655303955,-4.797250270843506,-1.035970687866211,-3.7317121028900146,-5.376122951507568,-0.9643356800079346,-1.7538824081420898,5.711256504058838,2.464778184890747,-4.07256555557251,5.3729753494262695,3.7139997482299805
46,-5.509742259979248,-1.8803250789642334,2.187614679336548,-4.429906368255615,-4.4971442222595215,-5.309634208679199,-2.736422538757324,-5.930756092071533,2.7729873657226562,2.4534127712249756,-2.2820651531219482,-4.30163049697876,-3.007997512817383
47,3.215578079223633,-3.242588520050049,1.7544437646865845,-0.3758504390716553,0.7438738942146301,5.440515518188477,-1.211708903312683,-5.163773059844971,0.6020784974098206,-1.7741124629974365,-1.784989595413208,-2.740041494369507,-6.810003280639648
48,2.1422173976898193,5.754998683929443,6.077329158782959,-4.964346408843994,-6.211623191833496,-5.8063249588012695,-3.66886830329895,2.5320801734924316,0.7582651376724243,-5.350631237030029,-5.422415733337402,5.4034857749938965,4.813999176025391
49,4.149181365966797,-5.214331150054932,-6.169416427612305,5.301095485687256,-5.929268836975098,-2.0466818809509277,2.5526859760284424,1.6865129470825195,-2.2825798988342285,-3.7237393856048584,-4.116450309753418,-3.955225944519043,0.6619987487792969
50,-4.040488243103027,3.9160854816436768,0.3682425618171692,1.453921914100647,0.685989260673523,-0.9660610556602478,-3.878304958343506,-4.793924808502197,-5.305316925048828,-2.565197467803955,-4.805403709411621,-2.464446783065796,4.603998184204102
51,-5.719600200653076,-1.287358283996582,-3.2910053730010986,5.062232494354248,1.7843073606491089,1.6976431608200073,-5.930330753326416,-2.2352991104125977,-2.6312761306762695,-5.024364471435547,-4.883152961730957,-5.615384578704834,3.119999885559082
52,1.013534665107727,-5.15447473526001,3.2074859142303467,-0.5540245771408081,-5.361772060394287,-3.1490814685821533,-3.1145780086517334,-5.782054424285889,-4.931277275085449,-5.2319841384887695,2.6045584678649902,1.3304444551467896,-0.607999324798584
53,3.3664748668670654,-4.951559066772461,6.245969295501709,3.8783886432647705,-2.2257955074310303,-5.700205326080322,5.298213005065918,-1.2962363958358765,-0.5167235136032104,-1.944398045539856,-3.2809088230133057,-4.268454074859619,4.642004489898682
54,2.3053784370422363,1.9543678760528564,6.182478427886963,-3.3733248710632324,-2.3342466354370117,1.6668894290924072,2.8936667442321777,-4.352921009063721,3.115560293197632,-0.13269460201263428,-5.64926815032959,-5.238539695739746,2.1620006561279297
55,-6.114933490753174,-6.27435827255249,-3.336893081665039,3.3283004760742188,5.1103057861328125,-1.1668283939361572,-2.131086826324463,5.150550842285156,-3.467125415802002,1.780147910118103,1.4307175874710083,-1.8021001815795898,-1.692000389099121
56,-5.681663990020752,-4.489134788513184,0.8674989938735962,-1.7332532405853271,-2.876173734664917,-5.647711277008057,5.842610836029053,-2.5099284648895264,1.858901858329773,5.698740005493164,4.8296098709106445,3.708621025085449,-6.0059967041015625
57,2.4962384700775146,3.8218042850494385,4.491734027862549,3.9399302005767822,-2.783921003341675,2.583085536956787,2.034637928009033,1.8056033849716187,-1.0986192226409912,-2.733698844909668,1.2002182006835938,0.2409958690404892,-1.7080011367797852
58,-2.1487319469451904,3.8837099075317383,-5.586034774780273,-6.133764266967773,-5.340318202972412,4.008358001708984,-2.177330255508423,5.103573322296143,3.6849963665008545,-1.4868812561035156,2.2913169860839844,-0.6910749077796936,-1.039999008178711
59,-2.640014171600342,-3.1136436462402344,1.7786223888397217,3.3384854793548584,-4.000521183013916,-0.5860486626625061,1.645506501197815,1.9934196472167969,0.2646319270133972,-6.0028862953186035,1.4867953062057495,3.2814860343933105,1.4419994354248047
60,-2.7134487628936768,3.972055196762085,-1.3230541944503784,1.0548014640808105,4.12507963180542,4.355307579040527,1.5970760583877563,0.4514525830745697,1.8866450786590576,-5.676985740661621,-0.6277739405632019,4.728513240814209,3.444000244140625
61,-4.979949474334717,-6.055093288421631,5.395662307739258,-4.126715660095215,3.5452613830566406,-4.500755310058594,-1.9452896118164062,-2.3839144706726074,-1.1187084913253784,-4.402312755584717,-0.6959553360939026,-5.260488986968994,0.011998176574707031
62,5.523169040679932,-4.80393123626709,1.3816213607788086,2.0542378425598145,-3.8697855472564697,6.126250267028809,5.021941184997559,3.507301092147827,5.112247467041016,-0.5673966407775879,0.7868026494979858,1.916586995124817,1.9999971389770508
63,-0.6475464105606079,1.4825595617294312,2.033970355987549,-3.5608651638031006,-1.9776171445846558,-2.0370068550109863,6.094946384429932,1.2521347999572754,-5.2603278160095215,3.5013833045959473,-6.24810791015625,4.408003330230713,0.18199920654296875
64,2.130885362625122,6.193194389343262,-4.87709903717041,-3.9974942207336426,0.16149958968162537,-0.7150029540061951,-5.613377571105957,-0.30323439836502075,0.22577577829360962,3.0394511222839355,-4.520212173461914,5.5149712562561035,-1.2799978256225586
65,-5.139846324920654,-2.1974353790283203,5.761093616485596,-4.2194132804870605,-3.2484776973724365,-3.659193277359009,3.9069433212280273,-4.033441543579102,0.3517231345176697,2.2863399982452393,-2.635920286178589,5.546163082122803,-4.361999988555908
66,-3.224032163619995,-0.06667911261320114,-6.169160842895508,-4.863671779632568,3.4637694358825684,2.2433645725250244,2.4947612285614014,-1.4067978858947754,-2.3053348064422607,-1.586918830871582,3.4167771339416504,-0.43087974190711975,-1.7720022201538086
67,3.9818215370178223,4.753232479095459,5.515005111694336,-5.586731910705566,-4.856689453125,0.8589395880699158,-2.960172653198242,2.8048932552337646,-3.847832441329956,-3.3991916179656982,-4.1658453941345215,5.452939033508301,1.3340044021606445
68,5.277116298675537,-1.6654545068740845,4.610009670257568,-2.080503225326538,1.125892162322998,-3.98079514503479,3.3785386085510254,-4.853377819061279,-2.0867722034454346,3.6691906452178955,-5.703308582305908,1.584466576576233,1.2139997482299805
69,-6.188321113586426,-5.204929828643799,0.023440903052687645,-4.024467468261719,5.791475772857666,6.002532958984375,5.325507164001465,-3.1272926330566406,1.8742311000823975,-6.1935930252075195,-3.709181785583496,-0.14654441177845,0.41199684143066406
70,5.0696210861206055,-1.0413804054260254,4.184557914733887,-0.45021894574165344,-5.13206148147583,5.714672565460205,-4.181756019592285,3.234199047088623,2.7449653148651123,1.6125469207763672,5.5074357986450195,-6.022759914398193,2.457996368408203
71,0.6368467211723328,0.4624675512313843,5.862265110015869,-4.033053874969482,-5.065306186676025,-1.1103938817977905,4.424271583557129,-4.439773082733154,-2.669994592666626,-1.1540108919143677,-1.6663732528686523,4.097203254699707,6.498003005981445
72,6.093239784240723,-0.9978361129760742,-4.3870062828063965,-4.069911003112793,2.220569133758545,-1.439945936203003,-0.133519247174263,-1.0657124519348145,-5.516712188720703,4.140450954437256,2.7391045093536377,3.3383185863494873,0.5339984893798828
73,6.0593953132629395,1.1043671369552612,-0.787422776222229,-5.024127006530762,-4.436161041259766,-1.487155556678772,-0.8814192414283752,-3.0591111183166504,-1.7212295532226562,0.9080367684364319,2.8765273094177246,-3.4064714908599854,0.26000118255615234
74,-5.058981418609619,-3.6939802169799805,4.654201507568359,0.09389884024858475,-4.944453239440918,1.5677855014801025,-3.176525592803955,2.0367956161499023,0.0722985789179802,-4.206758975982666,3.503645181655884,0.24791721999645233,0.8820018768310547
75,-3.1825990676879883,1.452012062072754,-0.32552215456962585,-0.1950850933790207,0.099148690700531,0.7217237949371338,1.9227139949798584,5.810585975646973,-2.4009273052215576,-1.058054804801941,-0.11797399073839188,1.8097176551818848,4.922003746032715
76,4.022278785705566,-2.4219613075256348,6.254243850708008,-0.971610963344574,-5.966458320617676,2.7192366123199463,-6.123175621032715,-2.534501552581787,6.154857158660889,4.999176502227783,-6.02274751663208,-2.0137839317321777,3.4260025024414062
77,-1.6210135221481323,4.765835762023926,-6.089603424072266,-4.155991554260254,-5.987201690673828,-0.23697826266288757,-1.290928602218628,1.6028501987457275,4.169511318206787,4.4424729347229,0.545096218585968,-4.173896312713623,-4.102001667022705
78,4.004133224487305,4.670925617218018,5.810443878173828,-5.533111572265625,-4.728739261627197,-5.920960903167725,3.063918113708496,-1.0125675201416016,1.1666301488876343,-2.332016706466675,-2.2418246269226074,-5.7802510261535645,2.8920021057128906
79,-0.4683617055416107,1.2628650665283203,-2.138338088989258,-5.199345111846924,-2.523437023162842,1.2895536422729492,-1.5713365077972412,-2.6059110164642334,-4.836349010467529,5.68065071105957,6.2527666091918945,0.6355174779891968,-1.8239984512329102
80,-1.08805513381958,0.8260129690170288,-4.976654052734375,-1.3508834838867188,5.035556793212891,-3.3892273902893066,0.512444794178009,-3.2491419315338135,2.012471914291382,5.240302562713623,5.932281017303467,1.9558418989181519,-5.4900007247924805
81,-0.36257508397102356,-0.375007301568985,-1.897017002105713,-1.676161289215088,-5.478437900543213,1.5742738246917725,2.2601568698883057,-0.4505927264690399,3.8330204486846924,-2.149578094482422,-1.0162602663040161,-2.6659181118011475,-3.208001136779785
82,5.761833667755127,-6.191091060638428,0.7231318354606628,-5.637368679046631,5.797547340393066,-0.014751986600458622,-3.81595516204834,-2.667461633682251,-3.7588984966278076,-0.5783226490020752,-6.09674072265625,2.0700342655181885,1.6739997863769531
83,1.646827220916748,-1.4605451822280884,-2.932250499725342,0.04157259687781334,-2.7886483669281006,-2.480410099029541,-3.119992733001709,5.430659770965576,-5.042680740356445,-2.557889461517334,-1.0192402601242065,-3.4067330360412598,4.347994804382324
84,-4.289234161376953,4.31437349319458,-1.2071367502212524,1.1341606378555298,2.7333478927612305,-1.140259861946106,3.928387403488159,-1.739326000213623,2.965188503265381,-4.141647815704346,-1.787405014038086,-4.381624221801758,-2.728001594543457
85,1.9514716863632202,-5.103877067565918,-2.7306644916534424,3.8556461334228516,-0.7359501123428345,-0.4486268162727356,4.315273761749268,-1.7711576223373413,6.110235691070557,-3.743595600128174,4.421865940093994,-6.155405044555664,-1.385998249053955
86,-6.232122421264648,-5.977092742919922,1.2330739498138428,5.687215805053711,-5.915090560913086,-6.236904621124268,2.4210567474365234,6.136831283569336,-3.65501070022583,-2.1903698444366455,2.332765817642212,-1.1530264616012573,-0.7219972610473633
87,5.317933082580566,1.1697415113449097,1.645853877067566,5.3539042472839355,4.872284412384033,5.90997314453125,-1.9885615110397339,4.604806900024414,6.051527976989746,-6.113807201385498,1.4732246398925781,-1.793577790260315,0.3000011444091797
88,3.9541237354278564,-5.779373645782471,-2.152292490005493,-2.321803331375122,3.3150899410247803,-4.757578372955322,1.3559726476669312,5.949995517730713,5.900083065032959,-2.5175397396087646,-3.7602057456970215,1.0269984006881714,-5.133999824523926
89,0.8811094760894775,-6.250317096710205,1.1527231931686401,4.979277610778809,-2.9204537868499756,3.1772334575653076,1.6508229970932007,-1.259892463684082,3.7102456092834473,-1.4542858600616455,-5.803594589233398,-3.4510183334350586,4.327997207641602
90,-2.9751040935516357,-1.0383458137512207,3.5561625957489014,-4.830020904541016,5.533778190612793,3.188913583755493,-3.4368319511413574,4.557723522186279,4.262919902801514,1.4211519956588745,4.363824844360352,-6.1803131103515625,-0.3959999084472656
91,-1.9083009958267212,4.033599853515625,-3.289210081100464,4.154687881469727,6.2249064445495605,-6.1896162033081055,-0.3486587703227997,-3.8650903701782227,-3.7829465866088867,0.8181477785110474,-2.746981143951416,-5.782042503356934,0.07400131225585938
92,0.08158436417579651,3.7548491954803467,5.80278205871582,0.5653699636459351,2.512969493865967,4.112552165985107,5.243618011474609,0.940718948841095,5.7993974685668945,1.9018491506576538,5.224069118499756,-4.887664318084717,-0.5919971466064453
93,4.398229598999023,1.7236018180847168,4.280592441558838,5.745537281036377,3.2603237628936768,3.0579450130462646,-5.408553123474121,-2.028000593185425,0.44164106249809265,-0.5844959616661072,-3.788548231124878,3.1966545581817627,-1.3899974822998047
94,0.39637449383735657,-1.0986976623535156,0.8227643966674805,-0.6474660634994507,-5.790600776672363,-2.1700174808502197,4.737178325653076,-1.3437944650650024,4.580400466918945,4.950079441070557,-1.945233941078186,3.3750293254852295,4.293999671936035
95,-2.1995091438293457,1.3628343343734741,3.912290096282959,-1.2346692085266113,4.5222930908203125,-5.283113956451416,2.1370232105255127,3.960092544555664,3.997459650039673,2.922550916671753,0.791684627532959,4.843555450439453,-3.586003303527832
96,-5.3120551109313965,-6.151871681213379,3.708958148956299,-5.279916286468506,-5.362637519836426,0.02881414256989956,2.922297477722168,5.039793014526367,-5.729421615600586,-0.42929935455322266,3.086059331893921,-1.978674292564392,1.5680007934570312
97,3.390364170074463,2.5278737545013428,-3.9644649028778076,-4.978973865509033,-2.615924119949341,1.9039769172668457,-3.3212063312530518,-0.2979642450809479,1.2856181859970093,-2.0964512825012207,-4.7242937088012695,-2.014253616333008,-3.9040040969848633
98,-2.59619140625,-3.0220160484313965,4.324535846710205,-5.924057483673096,-3.1644270420074463,4.868677139282227,1.8809375762939453,-4.523248672485352,2.6704978942871094,1.826010823249817,0.07058609277009964,4.124826908111572,1.9039983749389648
99,1.9858018159866333,-1.4789611101150513,3.092200517654419,-4.089637279510498,0.4244639575481415,-1.6485570669174194,-4.083938121795654,1.4533261060714722,2.5812339782714844,1.1133923530578613,-2.4352071285247803,-1.1717474460601807,0.18200206756591797
100,-2.735654592514038,-5.502116680145264,-3.972442150115967,4.538955211639404,-5.180899143218994,-0.9224433302879333,5.250668048858643,-0.6553279161453247,3.3113255500793457,-3.244939088821411,0.18901944160461426,5.5550618171691895,4.848001480102539
101,6.07220458984375,4.403728485107422,-3.9276485443115234,-1.9199554920196533,-3.6194655895233154,-5.923997402191162,4.685184478759766,-1.923033356666565,-5.895755290985107,5.085164546966553,-5.764540672302246,-1.2044848203659058,0.07799720764160156
102,6.087671279907227,1.1494663953781128,6.045617580413818,4.512584209442139,0.9817454814910889,-2.8628273010253906,-1.96150541305542,2.2650938034057617,5.419537544250488,-2.6707050800323486,1.8850339651107788,-5.421263694763184,-3.9180002212524414
103,-5.273449420928955,-3.4111030101776123,-2.80185866355896,0.7966271042823792,4.083375453948975,-2.0918335914611816,5.694892406463623,5.345510482788086,3.0196926593780518,2.724529266357422,-4.992430686950684,-1.1544004678726196,3.415996551513672
104,-3.1523754596710205,-5.819075107574463,6.01047420501709,0.25891512632369995,3.734773635864258,-2.2379531860351562,2.125217914581299,5.453891754150391,1.0345284938812256,4.6969099044799805,-3.646014928817749,3.1931350231170654,1.5660028457641602
105,-5.532503604888916,-3.452336549758911,-2.4046199321746826,-0.7008911967277527,-3.922668695449829,3.5987746715545654,5.769223213195801,-5.889673709869385,-0.7847450971603394,-1.8678784370422363,5.894435405731201,-2.6426022052764893,-5.48799991607666
106,-4.756524562835693,-0.3589545786380768,2.10707950592041,-1.4288398027420044,4.8197479248046875,6.159690856933594,-4.854383945465088,3.703861713409424,-6.109340667724609,-1.0671823024749756,-1.427380084991455,-1.8122713565826416,-0.6620063781738281
107,6.12572717666626,3.445770502090454,2.112736701965332,0.09584221988916397,4.473671913146973,-5.578137397766113,-3.9154984951019287,-4.153253555297852,2.867368698120117,3.1203393936157227,-1.7876824140548706,-3.7816312313079834,2.0420045852661133
108,-2.107462167739868,1.8624335527420044,-2.7663519382476807,0.7870692610740662,-3.694833278656006,-5.929747581481934,0.3850829005241394,-3.288383960723877,-4.284215450286865,-5.505889892578125,0.13563932478427887,-5.156359672546387,-1.0359973907470703
109,3.0535728931427,-1.4027023315429688,-2.4246315956115723,1.6555842161178589,0.3984154164791107,2.2409868240356445,-2.5212996006011963,-1.5954663753509521,-3.3100154399871826,1.5113416910171509,0.9322261214256287,-4.390492916107178,4.136004447937012
110,-0.08114922791719437,-4.240006923675537,-3.510268211364746,-3.2714626789093018,3.2352194786071777,-0.13923858106136322,0.024522453546524048,4.691727161407471,4.134438514709473,-2.016537666320801,5.922462463378906,-2.633803367614746,0.9779996871948242
111,2.9435338973999023,4.5813212394714355,-5.571254253387451,2.9009878635406494,4.961816787719727,2.1294748783111572,0.9235681295394897,-5.001524448394775,5.82887601852417,-6.087742805480957,3.6843221187591553,-0.7546031475067139,1.5760021209716797
112,0.385638028383255,-1.9595764875411987,-5.572519779205322,3.1389522552490234,-0.33112937211990356,-5.233542442321777,4.812751770019531,-2.0399045944213867,2.7100400924682617,1.476836919784546,-1.4768341779708862,0.44010958075523376,-0.5580015182495117
113,0.6189720630645752,4.01664924621582,-4.889217376708984,-2.372755289077759,-5.248225688934326,-0.6784800291061401,-1.1328321695327759,-4.807033061981201,-3.913347005844116,1.7791881561279297,6.0972442626953125,3.71671199798584,-3.0839948654174805
114,4.85905122756958,-5.566100597381592,5.009509563446045,-3.7115252017974854,3.833867073059082,-0.9413310289382935,-5.994746685028076,0.1644822508096695,-1.220590353012085,-5.998600006103516,-6.169257164001465,-0.7267587780952454,1.7839994430541992
115,-5.48887300491333,-2.7532646656036377,5.7871413230896,-5.3788018226623535,4.0064544677734375,-5.707807540893555,5.900008201599121,-0.7324469089508057,2.432199478149414,-5.19650411605835,5.181224346160889,-2.877223491668701,-0.8720016479492188
116,2.9066057205200195,-3.7096753120422363,5.936226844787598,1.0630587339401245,4.024886131286621,4.4910569190979,0.3871922492980957,2.1413300037384033,-4.169628143310547,1.1666436195373535,-2.279949188232422,3.8628644943237305,1.0040006637573242
117,-1.1888561248779297,-0.8139361143112183,-2.431736707687378,4.8620429039001465,3.3228249549865723,-2.698302984237671,1.6780681610107422,2.8580920696258545,-2.388223648071289,-1.3759493827819824,3.9043352603912354,-4.036588191986084,0.7639999389648438
118,3.2969658374786377,-0.07364947348833084,1.493746280670166,0.3948851525783539,-5.03771448135376,-3.7287087440490723,-4.344542026519775,-1.642723560333252,5.484916687011719,-6.015223026275635,5.458624839782715,2.7217843532562256,-1.5080013275146484
119,4.142570495605469,-3.039961576461792,-3.8279247283935547,3.051711320877075,5.886290073394775,2.8013317584991455,-3.3001039028167725,-2.8383073806762695,1.2978097200393677,4.873989105224609,2.4778101444244385,-3.7922325134277344,-1.0700035095214844
120,6.096858978271484,0.29634466767311096,-4.773420810699463,1.5557148456573486,-1.3556126356124878,-4.247543811798096,-2.4137308597564697,-6.256749629974365,1.7642022371292114,-1.0372053384780884,0.5677172541618347,-2.026182174682617,-3.851999282836914
121,1.0516207218170166,0.4801003634929657,-4.574879169464111,2.6335642337799072,4.503808498382568,-3.448946952819824,1.6422289609909058,-1.5191118717193604,-0.7596005797386169,4.832355499267578,-0.7320542335510254,-3.010507822036743,7.739997863769531
122,-1.31742525100708,2.6453964710235596,-5.169715881347656,5.997979164123535,-0.42026346921920776,-0.5838591456413269,0.9202715158462524,1.0765668153762817,4.844323635101318,5.1003336906433105,-2.8456764221191406,-0.05492585152387619,-6.429997444152832
123,4.606194019317627,-5.457216262817383,-3.3369226455688477,-2.5233685970306396,0.3039708733558655,-5.650792598724365,2.880415916442871,-4.986793518066406,5.220510959625244,-2.1305272579193115,0.8228781223297119,0.1864335983991623,-4.4900031089782715
124,-0.4522897005081177,-3.1814186573028564,2.5604493618011475,4.3559465408325195,3.0440454483032227,-6.136570453643799,4.203608989715576,2.25059175491333,-5.384535312652588,4.078460216522217,-3.2385904788970947,-4.487519264221191,-0.35000038146972656
125,-0.6639822125434875,-4.957923412322998,5.506110191345215,2.668081521987915,-4.0164289474487305,-4.194451808929443,-2.0850799083709717,-4.532260417938232,2.2460227012634277,-4.405925750732422,-2.285341739654541,-3.1054718494415283,-0.3579998016357422
126,-0.7657014727592468,5.730933666229248,1.7277334928512573,-5.710047245025635,-3.6970505714416504,2.065359354019165,5.472348690032959,4.577840805053711,2.1801295280456543,4.691747188568115,0.3185957968235016,-3.7060132026672363,3.317997932434082
127,0.8834461569786072,-0.12181122601032257,5.28428316116333,-5.964175224304199,-3.948828935623169,-2.845306396484375,2.731888771057129,-5.67602014541626,-1.7668333053588867,-4.189831733703613,2.9376089572906494,-3.5099599361419678,1.1520013809204102
128,-3.5639870166778564,3.8175480365753174,-2.6523196697235107,-6.129062652587891,4.673109531402588,-3.076838970184326,5.880608558654785,0.2984437942504883,-4.14890193939209,-0.628060519695282,-3.340860605239868,2.7453911304473877,6.656003952026367
129,-1.411361575126648,-5.350430965423584,-2.910820722579956,1.3048821687698364,-4.923676490783691,-0.5391637086868286,-5.461400985717773,-3.045396327972412,-4.575373649597168,-3.337885856628418,5.7288923263549805,-1.3479084968566895,3.5639963150024414
130,3.965986490249634,3.2888660430908203,-3.6808090209960938,5.181722640991211,-1.1988236904144287,-0.014222690835595131,-5.564029216766357,0.8953053951263428,-0.9258004426956177,1.7702549695968628,-4.160303592681885,5.51833963394165,-1.3419981002807617
131,1.6276500225067139,-5.757347583770752,-4.076724529266357,-5.741451740264893,-3.8020153045654297,-2.919691801071167,2.853926181793213,1.7727950811386108,3.293174982070923,-3.701970100402832,-3.271944761276245,-0.30635109543800354,1.1159992218017578
132,4.690801620483398,-3.6939289569854736,3.828526735305786,6.043677806854248,-1.2234160900115967,-3.025038957595825,4.321133136749268,3.4851796627044678,-4.966186046600342,5.254634857177734,4.893986225128174,5.52421760559082,-4.443998336791992
133,4.695037841796875,3.529823064804077,3.9128973484039307,-4.631500244140625,-3.71940016746521,2.804381847381592,-0.7723711133003235,-2.2637555599212646,-0.10109487920999527,-1.0373302698135376,-2.7509772777557373,5.607135772705078,3.828001022338867
134,3.233639717102051,5.225861072540283,-1.5335336923599243,5.64777946472168,0.6830762028694153,-5.078465461730957,4.146342754364014,-4.040561199188232,-5.126077651977539,3.2392096519470215,-1.2899185419082642,5.568892478942871,4.682000160217285
135,0.16360977292060852,-1.4728424549102783,-3.959826946258545,-1.1098606586456299,-4.373760223388672,2.4009170532226562,1.1852519512176514,2.5813310146331787,3.3526244163513184,-4.7597527503967285,6.033543109893799,2.7871322631835938,-0.906001091003418
136,-1.668752908706665,2.327399492263794,-3.407836675643921,-1.7447209358215332,-5.2757391929626465,-2.0549509525299072,0.9270428419113159,-0.4934256076812744,4.478775501251221,-2.8425722122192383,3.0304055213928223,-4.777077674865723,9.583995819091797
137,-5.739269256591797,-2.5523383617401123,3.991666555404663,-5.160845756530762,0.44291621446609497,-4.536162376403809,-3.19582200050354,3.465052366256714,0.2273719310760498,-1.874218463897705,-3.694181203842163,6.197208404541016,-5.606000900268555
138,0.7198134660720825,0.75849848985672,1.2207125425338745,5.900928974151611,-5.164985179901123,-1.1244455575942993,2.9584593772888184,-1.0115290880203247,-0.5619617700576782,-0.6602050065994263,3.6434500217437744,4.141509532928467,-3.3700003623962402
139,-6.055802822113037,1.0145459175109863,-6.003742694854736,-2.9352011680603027,5.059180736541748,-4.691587924957275,-3.669050931930542,-3.456319808959961,-6.07867956161499,-1.602822184562683,5.675289630889893,5.177008628845215,-1.9360027313232422
140,-4.443528652191162,-1.0932543277740479,-1.2692337036132812,-4.887567520141602,6.195028305053711,4.401745319366455,0.10373292863368988,-5.870352268218994,-5.989770412445068,-3.06095552444458,3.516404151916504,5.225763320922852,5.366006851196289
141,4.45265007019043,-1.5799347162246704,5.705782413482666,-3.4961941242218018,-3.348749876022339,0.09987927228212357,6.064332485198975,-3.2507293224334717,-2.6259469985961914,-0.13501590490341187,5.132931232452393,-1.1952087879180908,0.7480010986328125
142,-1.569571614265442,-0.32313281297683716,-2.5487351417541504,-5.398684501647949,-4.158405303955078,-1.7991958856582642,-3.1938059329986572,-1.6759393215179443,5.295813083648682,0.21564562618732452,-1.1960773468017578,-1.2577037811279297,2.3500003814697266
143,2.6704256534576416,1.091756820678711,3.9910080432891846,-3.9083170890808105,-3.031541109085083,4.760316371917725,-1.042661190032959,5.137449264526367,-0.7974504232406616,-5.113521575927734,3.458925247192383,4.534468650817871,5.7740020751953125
144,-2.5984299182891846,0.9057361483573914,5.753332138061523,4.203351974487305,5.589584827423096,-4.6273040771484375,4.891599655151367,4.563258647918701,-4.374482154846191,-0.3080098032951355,-2.1439177989959717,0.5146267414093018,2.942002296447754
145,-4.125662326812744,4.815000057220459,-0.3583044409751892,4.745035648345947,3.902940511703491,1.7740567922592163,-2.2364468574523926,4.227175235748291,3.0634355545043945,3.6198315620422363,2.1404383182525635,4.377572536468506,-0.9940004348754883
146,-2.481612205505371,-2.7218446731567383,5.182516574859619,0.6259752511978149,4.637259006500244,4.4368157386779785,-4.95100212097168,1.655871868133545,5.4175262451171875,2.134031295776367,5.367355823516846,1.8246839046478271,-3.2760019302368164
147,-3.350102186203003,-4.922115325927734,6.149585247039795,-1.225856065750122,5.161829471588135,4.338577747344971,-3.9561574459075928,-3.3828577995300293,3.5887527465820312,-3.283352851867676,0.16387438774108887,-0.37956151366233826,-5.5579986572265625
148,-5.2130208015441895,5.20542049407959,5.844404220581055,-1.8355518579483032,-1.974095344543457,-4.303175449371338,-0.09319174289703369,3.5621986389160156,-3.1568613052368164,1.2490036487579346,-3.5227274894714355,-4.298121929168701,-1.6759967803955078
149,-1.6926110982894897,3.2636258602142334,-5.544727325439453,-2.457834005355835,1.554788589477539,-3.030514717102051,-4.655148506164551,-5.61381721496582,4.536994457244873,-0.179603710770607,-1.9686596393585205,-3.624034881591797,2.334000587463379
150,4.9363112449646,0.05075417086482048,-3.923628807067871,0.09142907708883286,-3.689931631088257,4.880706787109375,-5.405209541320801,-0.463855117559433,1.9531105756759644,0.07564861327409744,4.0923871994018555,-2.598508596420288,6.003995895385742
151,5.050512790679932,2.3262784481048584,-0.9420300722122192,-4.294267654418945,-3.4332754611968994,-2.318671941757202,0.8647823333740234,0.5848091840744019,5.966233253479004,-6.014632225036621,-4.487427234649658,-2.288987159729004,-1.5380001068115234
152,5.924405574798584,4.018035411834717,-5.440649509429932,-3.262542724609375,0.1361342966556549,-4.847013473510742,-3.1380250453948975,4.129692554473877,2.3926377296447754,0.11648396402597427,1.1301417350769043,3.696012020111084,-1.568002700805664
153,-1.470197319984436,6.039013385772705,0.26511600613594055,-3.6555705070495605,-2.000878095626831,-5.600124359130859,6.0265398025512695,-4.2435832023620605,-5.653413772583008,-3.5613341331481934,6.264163494110107,3.0307250022888184,-0.05800151824951172
154,5.56475830078125,-6.093203067779541,-2.0249242782592773,3.6737124919891357,-5.9197893142700195,2.7758889198303223,-1.1664577722549438,4.554662227630615,5.960903167724609,4.819369316101074,5.234452247619629,-1.5925453901290894,-2.902003288269043
155,3.065535068511963,0.6313126683235168,0.6427347660064697,5.170535564422607,-1.8554197549819946,-4.77343225479126,-1.6874178647994995,5.9548420906066895,-2.820300340652466,-4.267405986785889,-0.5747460722923279,0.5650302171707153,-2.598001003265381
156,1.1807129383087158,4.569668292999268,2.8046579360961914,3.5925545692443848,5.247899532318115,2.4923484325408936,-1.3675771951675415,4.6976776123046875,0.20488151907920837,-3.516124725341797,3.510598659515381,-0.4242647886276245,2.5719966888427734
157,-0.07945800572633743,-0.8596339821815491,-1.4001156091690063,-1.9665380716323853,2.8219003677368164,3.0983197689056396,1.4804439544677734,-0.5343774557113647,-6.048676490783691,0.8069003820419312,-2.3679001331329346,6.073132514953613,-1.169997215270996
158,3.769415855407715,-0.9764357805252075,-3.406102418899536,2.696005344390869,5.187565803527832,3.3510947227478027,6.013016700744629,-1.0699639320373535,5.265821933746338,-3.4062228202819824,-1.700304388999939,-4.423450946807861,-0.18799877166748047
159,-5.0525665283203125,0.2454027235507965,-5.442850589752197,-0.7791038155555725,-5.186595439910889,4.271422863006592,-4.878881454467773,5.1526408195495605,-0.7057999968528748,-3.041607618331909,1.0367335081100464,4.6244072914123535,3.824005126953125
160,-6.105247974395752,-4.4430437088012695,-0.16526685655117035,5.880403995513916,1.2387272119522095,-4.6660237312316895,-2.275463342666626,-2.3648884296417236,4.229344367980957,1.2501733303070068,-0.4761653542518616,-1.1933218240737915,0.37200069427490234
161,-0.5887163281440735,0.7363067269325256,-3.0337233543395996,-3.4826555252075195,5.887561798095703,1.7179113626480103,-2.720151424407959,-2.944716691970825,1.3477075099945068,4.70534086227417,4.017689228057861,0.3557693362236023,0.9720010757446289
162,1.8291417360305786,4.244958400726318,0.7559046149253845,5.743091583251953,6.237283706665039,4.072239875793457,5.211856842041016,-4.055411338806152,-4.785141468048096,-0.6360397338867188,1.7533921003341675,4.184278964996338,1.3559980392456055
163,-5.199638843536377,-1.265794277191162,-4.749061584472656,5.478774070739746,0.9957835078239441,-4.123803615570068,5.457973003387451,3.6386330127716064,-1.501154899597168,-5.364074230194092,4.123110294342041,4.725825309753418,0.1360025405883789
164,-1.1756901741027832,-3.0183353424072266,4.6532392501831055,0.4211261570453644,-1.2128193378448486,-0.9467430114746094,1.1394104957580566,3.4998631477355957,-5.101186752319336,-2.691230297088623,-5.575063705444336,-2.7015504837036133,2.662001609802246
165,2.2711257934570312,-4.372404098510742,3.398563861846924,-2.639983892440796,2.5588200092315674,2.6206912994384766,-0.08967249095439911,2.209531545639038,5.698084831237793,1.641511082649231,1.4098464250564575,-2.318044662475586,2.3460025787353516
166,0.27628618478775024,4.0953288078308105,-3.356189250946045,-1.735005259513855,4.5091633796691895,-5.562455654144287,0.6352283358573914,-2.601212501525879,5.052022933959961,0.05448729172348976,0.2591470181941986,1.3346502780914307,-4.655999183654785
167,3.3553049564361572,3.8252460956573486,-4.137078285217285,3.4006993770599365,-0.14826937019824982,4.10237455368042,-4.926490306854248,-0.8896035552024841,-0.5204229354858398,5.375690460205078,1.0148046016693115,-1.3741655349731445,8.1379976272583
168,2.560244083404541,3.3511123657226562,-2.7923831939697266,-4.146581649780273,-1.5258920192718506,-1.9451637268066406,-3.7730255126953125,0.42816415429115295,-5.919033527374268,-0.11104430258274078,-3.3213348388671875,-5.581126689910889,2.669997215270996
169,-3.4038407802581787,3.9991772174835205,-5.993621349334717,0.7388965487480164,1.0888242721557617,1.4808522462844849,-5.7243428230285645,5.313164710998535,3.5713565349578857,-0.7198008298873901,0.5537064671516418,3.927931547164917,3.3599987030029297
170,1.1840157508850098,-5.419090270996094,1.9566375017166138,-5.760274887084961,5.888967514038086,-1.056836724281311,-4.0914692878723145,-2.3189315795898438,1.0710785388946533,-4.855283260345459,4.081048488616943,-0.9102031588554382,-3.687999725341797
171,5.934457302093506,-1.364751935005188,-2.300403118133545,0.36032357811927795,5.665287494659424,-1.3663851022720337,3.129037857055664,-5.073790550231934,-2.2809085845947266,-4.03679895401001,-5.87299108505249,-5.474645614624023,-4.478002548217773
172,0.11472628265619278,3.255063056945801,3.995378017425537,-4.3855791091918945,-5.45831298828125,1.246384620666504,-5.461819648742676,-4.511510848999023,4.725658893585205,1.4885303974151611,1.5635805130004883,1.7825995683670044,2.1819992065429688
173,4.086153030395508,-3.783917188644409,2.8116209506988525,-1.3481358289718628,0.6788827180862427,5.112698078155518,0.24136821925640106,-6.270885467529297,1.0612850189208984,6.122961044311523,-4.98765754699707,-3.0763113498687744,2.2200021743774414
174,-5.187899589538574,3.8219714164733887,5.642305850982666,2.8784701824188232,5.732987880706787,1.591257095336914,-2.211130142211914,-0.6331376433372498,-3.5136446952819824,-4.855030536651611,-0.8422108888626099,-1.3201119899749756,-2.2279977798461914
175,4.556838035583496,0.599838376045227,-3.4088428020477295,-5.4255595207214355,-0.15004697442054749,-6.118065357208252,0.5767093300819397,0.7375578284263611,4.843442440032959,-4.198551177978516,-3.756153106689453,0.6428622007369995,-2.5159988403320312
176,-5.191796779632568,-1.5642404556274414,-0.4936208724975586,-5.301517009735107,3.22298002243042,6.113811016082764,-4.636538505554199,-4.636076927185059,5.681302547454834,-3.6300299167633057,-5.680330276489258,-4.593290328979492,4.38599967956543
177,-0.01967335119843483,-1.331529140472412,-5.5035576820373535,5.855497360229492,3.761479616165161,1.7755130529403687,0.30662214756011963,-0.21596021950244904,-6.099401950836182,-3.0654258728027344,-4.848048210144043,-0.9925754070281982,-1.5719995498657227
178,-3.161327600479126,-6.165295124053955,3.624253273010254,0.6355156302452087,-0.38018888235092163,-1.4865827560424805,-1.464980959892273,-5.256344795227051,3.6749045848846436,-2.5582265853881836,-1.8266738653182983,1.0604127645492554,-3.5379953384399414
179,2.8877909183502197,3.089442729949951,3.4917750358581543,-3.183995008468628,-1.08441162109375,4.6955485343933105,-4.787191390991211,2.273923635482788,1.1705561876296997,-4.041239261627197,-5.075479030609131,-5.35714054107666,-1.4320001602172852
180,2.08558988571167,-0.6530092358589172,5.508252143859863,1.133030891418457,5.83853006362915,-1.2280594110488892,-1.1123418807983398,0.9050927758216858,-6.266892910003662,-4.79252290725708,6.182430267333984,1.3888427019119263,1.3919992446899414
181,1.4183586835861206,-4.708002090454102,0.17626480758190155,-2.2874739170074463,-1.0997745990753174,4.967390537261963,1.5101757049560547,-2.096052885055542,3.33061146736145,4.904140472412109,1.6882431507110596,0.42962121963500977,-1.6899986267089844
182,-3.71488618850708,-3.2059075832366943,-5.7719292640686035,2.721430540084839,-1.301220417022705,-3.0042831897735596,-3.250016927719116,-4.2993645668029785,6.1911444664001465,1.782062292098999,2.186213731765747,-5.912217140197754,-4.624000549316406
183,-1.3357880115509033,3.172621488571167,-1.7990765571594238,4.304581165313721,5.689518451690674,4.534170627593994,-3.4660286903381348,-0.9822425842285156,-1.4826830625534058,-6.030608654022217,-5.5516228675842285,2.8562281131744385,-1.8720016479492188
184,1.1038742065429688,-0.21992531418800354,-2.135856866836548,5.673239707946777,3.442357063293457,-0.6384375095367432,-0.25585252046585083,-0.9560649991035461,4.6199631690979,0.9726986289024353,-4.814806938171387,-0.3013497591018677,2.2500038146972656
185,-0.570511519908905,-6.2666239738464355,2.7309889793395996,-2.5149354934692383,-1.9047303199768066,2.483506917953491,5.941549777984619,-5.820066452026367,5.835679531097412,-0.4098226726055145,-3.8187315464019775,-0.2676069736480713,-1.4059982299804688
186,-0.9758124947547913,0.35912173986434937,-4.96732759475708,1.868165373802185,3.554857015609741,-5.168595314025879,-0.09876090288162231,-3.2600719928741455,4.0484113693237305,0.4421919286251068,3.1964643001556396,2.560673236846924,0.030002593994140625
187,3.329911231994629,1.8929105997085571,5.496641635894775,1.2281103134155273,-4.962761402130127,-2.6102826595306396,-3.806762218475342,-4.362451553344727,2.8460099697113037,2.086491107940674,4.836091041564941,-0.07174299657344818,2.7039976119995117
188,-1.5333747863769531,-1.2712548971176147,5.897165298461914,-4.3987650871276855,6.18748664855957,-1.06630277633667,-4.992630958557129,2.649746894836426,2.1934428215026855,-2.177371025085449,-5.033961296081543,-6.2823567390441895,-2.6519999504089355
189,3.3927412033081055,-4.5048508644104,2.509381055831909,6.191273212432861,3.4275944232940674,-3.7237446308135986,-5.2396979331970215,6.1496357917785645,-3.6008996963500977,-3.8128838539123535,-4.695631504058838,-3.874258279800415,-1.6000032424926758
190,-5.618173599243164,2.966773748397827,4.837545394897461,4.686483383178711,3.8916819095611572,3.645312547683716,0.35822170972824097,-1.8950070142745972,2.8576624393463135,-5.547457218170166,1.4797496795654297,-0.10823056846857071,4.9860029220581055
191,2.7543821334838867,2.9387545585632324,0.6921436190605164,-4.80276346206665,5.3558220863342285,-6.262121200561523,-4.397254943847656,2.3578243255615234,-4.599934101104736,5.521352291107178,5.913882732391357,-4.731297492980957,-4.054001808166504
192,2.6613199710845947,1.5197590589523315,-0.8309987783432007,-2.0383949279785156,5.258488178253174,-5.163849353790283,-5.585818767547607,-3.998614549636841,5.54991340637207,-3.384514808654785,5.019721031188965,5.718276500701904,-2.456003189086914
193,2.7262299060821533,-0.837144672870636,-3.222940444946289,2.4896507263183594,-2.9314401149749756,-1.244017243385315,-2.720149040222168,0.2673659026622772,-2.8001534938812256,-2.062779426574707,-2.1837289333343506,5.473741054534912,1.3339967727661133
194,-1.6478571891784668,-3.1535120010375977,-3.3849945068359375,1.7396339178085327,-4.524312496185303,3.470264196395874,2.4334073066711426,-2.587454319000244,4.471606731414795,-4.197117328643799,-3.9096603393554688,-6.029600620269775,4.81799840927124
195,-5.623139381408691,-5.531752109527588,-4.576468467712402,3.912477970123291,0.6867609024047852,6.0515947341918945,-2.3456318378448486,-5.9577484130859375,5.051985263824463,3.830113172531128,-3.6320300102233887,-2.0300567150115967,-0.09999513626098633
196,1.0418704748153687,6.190036296844482,-0.7236639261245728,-1.6090879440307617,-0.5174444317817688,4.055979251861572,3.425145149230957,-1.835517406463623,3.056628704071045,2.1772727966308594,4.753486633300781,-2.619661808013916,-0.26599979400634766
197,3.526322364807129,-3.3297417163848877,-1.3586394786834717,-3.1010754108428955,5.482606887817383,0.3389207720756531,5.981363296508789,-3.1887316703796387,-6.203699588775635,5.385050296783447,-5.649115562438965,-4.575915813446045,1.975998878479004
198,2.1390020847320557,-1.2224256992340088,-1.7710298299789429,-4.9688801765441895,3.628542423248291,-0.19758307933807373,-0.5462419986724854,-4.710566997528076,-1.6146658658981323,6.265186309814453,-5.411215782165527,0.6941296458244324,5.3800048828125
199,4.524289608001709,4.111377239227295,-0.23582209646701813,-2.109015464782715,-3.337071418762207,1.7214436531066895,0.24726025760173798,0.9859418272972107,1.0162310600280762,-3.4819276332855225,5.020230770111084,-2.9457716941833496,0.7600002288818359
